{
  "AGE_AT_FIRST_OBSERVATION_HISTOGRAM": {
    "MIN": 0,
    "MAX": 100,
    "INTERVAL_SIZE": 1,
    "INTERVALS": 100,
    "DATA": {
      "INTERVAL_INDEX": [
        46,
        89,
        66,
        49,
        63,
        75,
        72,
        55,
        98,
        32,
        58,
        41,
        38,
        81,
        64,
        30,
        90,
        50,
        47,
        73,
        56,
        39,
        99,
        33,
        88,
        25,
        82,
        65,
        31,
        91,
        74,
        48,
        57,
        40,
        83,
        97,
        80,
        43,
        26,
        86,
        69,
        92,
        29,
        52,
        35,
        95,
        78,
        61,
        44,
        84,
        93,
        27,
        87,
        70,
        67,
        76,
        59,
        53,
        36,
        96,
        79,
        62,
        45,
        42,
        85,
        28,
        71,
        54,
        68,
        51,
        94,
        77,
        60,
        37,
        34
      ],
      "COUNT_VALUE": [
        565,
        1737,
        4682,
        500,
        713,
        3476,
        3879,
        703,
        503,
        136,
        773,
        245,
        242,
        2740,
        781,
        122,
        507,
        508,
        520,
        4152,
        791,
        265,
        494,
        153,
        1733,
        125,
        2752,
        4422,
        136,
        540,
        4005,
        496,
        735,
        238,
        2708,
        528,
        2809,
        270,
        127,
        1755,
        4741,
        485,
        124,
        549,
        228,
        476,
        3328,
        734,
        267,
        2729,
        499,
        142,
        1755,
        4246,
        4627,
        3446,
        769,
        542,
        218,
        478,
        3450,
        813,
        521,
        238,
        1737,
        136,
        4146,
        512,
        4731,
        506,
        505,
        3469,
        780,
        250,
        143
      ],
      "PERCENT_VALUE": [
        0.00486,
        0.01493,
        0.04024,
        0.0043,
        0.00613,
        0.02987,
        0.03334,
        0.00604,
        0.00432,
        0.00117,
        0.00664,
        0.00211,
        0.00208,
        0.02355,
        0.00671,
        0.00105,
        0.00436,
        0.00437,
        0.00447,
        0.03568,
        0.0068,
        0.00228,
        0.00425,
        0.00131,
        0.01489,
        0.00107,
        0.02365,
        0.03801,
        0.00117,
        0.00464,
        0.03442,
        0.00426,
        0.00632,
        0.00205,
        0.02327,
        0.00454,
        0.02414,
        0.00232,
        0.00109,
        0.01508,
        0.04075,
        0.00417,
        0.00107,
        0.00472,
        0.00196,
        0.00409,
        0.0286,
        0.00631,
        0.00229,
        0.02345,
        0.00429,
        0.00122,
        0.01508,
        0.03649,
        0.03977,
        0.02962,
        0.00661,
        0.00466,
        0.00187,
        0.00411,
        0.02965,
        0.00699,
        0.00448,
        0.00205,
        0.01493,
        0.00117,
        0.03563,
        0.0044,
        0.04066,
        0.00435,
        0.00434,
        0.02981,
        0.0067,
        0.00215,
        0.00123
      ]
    }
  },
  "AGE_BY_GENDER": {
    "CATEGORY": [
      "MALE",
      "FEMALE"
    ],
    "MIN_VALUE": [
      25,
      24
    ],
    "P10_VALUE": [
      54,
      59
    ],
    "P25_VALUE": [
      66,
      67
    ],
    "MEDIAN_VALUE": [
      71,
      73
    ],
    "P75_VALUE": [
      78,
      81
    ],
    "P90_VALUE": [
      84,
      88
    ],
    "MAX_VALUE": [
      100,
      101
    ]
  },
  "OBSERVATION_LENGTH_HISTOGRAM": {
    "MIN": 0,
    "MAX": 1080,
    "INTERVAL_SIZE": 30,
    "INTERVALS": 36,
    "DATA": {
      "INTERVAL_INDEX": [
        0,
        23,
        6,
        15,
        32,
        21,
        30,
        24,
        7,
        13,
        33,
        16,
        22,
        5,
        25,
        31,
        8,
        14,
        26,
        3,
        9,
        35,
        29,
        12,
        18,
        1,
        27,
        10,
        4,
        36,
        19,
        2,
        28,
        11,
        20,
        34,
        17
      ],
      "COUNT_VALUE": [
        1139,
        1157,
        219,
        398,
        11405,
        724,
        7209,
        1467,
        238,
        350,
        14071,
        375,
        911,
        228,
        2064,
        8909,
        226,
        368,
        2785,
        222,
        271,
        14091,
        5829,
        318,
        517,
        165,
        3523,
        278,
        222,
        4345,
        554,
        192,
        4602,
        299,
        625,
        14128,
        463
      ],
      "PERCENT_VALUE": [
        0.00979,
        0.00994,
        0.00188,
        0.00342,
        0.09802,
        0.00622,
        0.06196,
        0.01261,
        0.00205,
        0.00301,
        0.12093,
        0.00322,
        0.00783,
        0.00196,
        0.01774,
        0.07657,
        0.00194,
        0.00316,
        0.02394,
        0.00191,
        0.00233,
        0.12111,
        0.0501,
        0.00273,
        0.00444,
        0.00142,
        0.03028,
        0.00239,
        0.00191,
        0.03734,
        0.00476,
        0.00165,
        0.03955,
        0.00257,
        0.00537,
        0.12142,
        0.00398
      ]
    }
  },
  "CUMULATIVE_DURATION": {
    "SERIES_NAME": [
      "Length of observation",
      "Length of observation",
      "Length of observation",
      "Length of observation",
      "Length of observation",
      "Length of observation",
      "Length of observation",
      "Length of observation",
      "Length of observation",
      "Length of observation",
      "Length of observation",
      "Length of observation",
      "Length of observation",
      "Length of observation",
      "Length of observation",
      "Length of observation",
      "Length of observation",
      "Length of observation",
      "Length of observation",
      "Length of observation",
      "Length of observation",
      "Length of observation",
      "Length of observation",
      "Length of observation",
      "Length of observation",
      "Length of observation",
      "Length of observation",
      "Length of observation",
      "Length of observation",
      "Length of observation",
      "Length of observation",
      "Length of observation",
      "Length of observation",
      "Length of observation",
      "Length of observation",
      "Length of observation",
      "Length of observation"
    ],
    "X_LENGTH_OF_OBSERVATION": [
      0,
      30,
      60,
      90,
      120,
      150,
      180,
      210,
      240,
      270,
      300,
      330,
      360,
      390,
      420,
      450,
      480,
      510,
      540,
      570,
      600,
      630,
      660,
      690,
      720,
      750,
      780,
      810,
      840,
      870,
      900,
      930,
      960,
      990,
      1020,
      1050,
      1080
    ],
    "Y_PERCENT_PERSONS": [
      0.90146,
      0.89167,
      0.89026,
      0.88861,
      0.8867,
      0.88479,
      0.88283,
      0.88095,
      0.8789,
      0.87696,
      0.87463,
      0.87224,
      0.86967,
      0.86694,
      0.86393,
      0.86077,
      0.85735,
      0.85412,
      0.85014,
      0.8457,
      0.84094,
      0.83557,
      0.82935,
      0.82152,
      0.81157,
      0.79896,
      0.78122,
      0.75729,
      0.72701,
      0.68746,
      0.63736,
      0.5754,
      0.49883,
      0.40081,
      0.27987,
      0.15845,
      0.03734
    ]
  },
  "OBSERVATION_PERIOD_LENGTH_BY_GENDER": {
    "CATEGORY": [
      "MALE",
      "FEMALE"
    ],
    "MIN_VALUE": [
      0,
      0
    ],